{"associatedChampions":[34],"associatedMaps":[11],"blocks":[{"hideIfSummonerSpell":"","items":[{"count":1,"id":"3340"},{"count":1,"id":"1056"},{"count":2,"id":"2003"}],"showIfSummonerSpell":"","type":"Starting Items (Popularity: 81.5%)"},{"hideIfSummonerSpell":"","items":[{"count":1,"id":"3802"},{"count":1,"id":"6656"},{"count":1,"id":"3003"},{"count":1,"id":"3157"}],"showIfSummonerSpell":"","type":"Core Items (Popularity: 21.1%)"},{"hideIfSummonerSpell":"","items":[{"count":1,"id":"3802"},{"count":1,"id":"6656"},{"count":1,"id":"3157"},{"count":1,"id":"3003"}],"showIfSummonerSpell":"","type":"Core Items (Popularity: 16.5%)"},{"hideIfSummonerSpell":"","items":[{"count":1,"id":"3135"},{"count":1,"id":"3089"},{"count":1,"id":"3165"},{"count":1,"id":"4645"},{"count":1,"id":"3003"},{"count":1,"id":"4628"},{"count":1,"id":"4629"}],"showIfSummonerSpell":"","type":"End items"},{"hideIfSummonerSpell":"","items":[{"count":1,"id":"3020"}],"showIfSummonerSpell":"","type":"Boots"}],"map":"SR","mode":"any","preferredItemSlots":[],"sortrank":9999,"startedFrom":"blank","title":"Porofessor - Anivia (AD Carry)","type":"custom","uid":"f1efb882-234b-fe47-b805-1aeef179d2c2"}