{"associatedChampions":[34],"associatedMaps":[11],"blocks":[{"hideIfSummonerSpell":"","items":[{"count":1,"id":"3340"},{"count":1,"id":"1039"},{"count":1,"id":"2031"}],"showIfSummonerSpell":"","type":"Starting Items (Popularity: 40.0%)"},{"hideIfSummonerSpell":"","items":[{"count":1,"id":"3802"},{"count":1,"id":"6653"},{"count":1,"id":"3157"},{"count":1,"id":"4637"}],"showIfSummonerSpell":"","type":"Core Items (Popularity: 100.0%)"},{"hideIfSummonerSpell":"","items":[],"showIfSummonerSpell":"","type":"End items"},{"hideIfSummonerSpell":"","items":[{"count":1,"id":"3020"},{"count":1,"id":"1001"}],"showIfSummonerSpell":"","type":"Boots"}],"map":"SR","mode":"any","preferredItemSlots":[],"sortrank":9999,"startedFrom":"blank","title":"Porofessor - Anivia (Jungler)","type":"custom","uid":"6ae92138-3d64-e445-a96f-4a574768cbdf"}