{"associatedChampions":[34],"associatedMaps":[11],"blocks":[{"hideIfSummonerSpell":"","items":[{"count":1,"id":"3340"},{"count":1,"id":"1056"},{"count":2,"id":"2003"}],"showIfSummonerSpell":"","type":"Starting Items (Popularity: 59.3%)"},{"hideIfSummonerSpell":"","items":[{"count":1,"id":"3802"},{"count":1,"id":"6653"},{"count":1,"id":"3003"},{"count":1,"id":"3157"}],"showIfSummonerSpell":"","type":"Core Items (Popularity: 17.1%)"},{"hideIfSummonerSpell":"","items":[{"count":1,"id":"3802"},{"count":1,"id":"6656"},{"count":1,"id":"3003"},{"count":1,"id":"3157"}],"showIfSummonerSpell":"","type":"Core Items (Popularity: 16.1%)"},{"hideIfSummonerSpell":"","items":[{"count":1,"id":"3165"},{"count":1,"id":"3135"},{"count":1,"id":"3089"},{"count":1,"id":"4637"},{"count":1,"id":"4645"},{"count":1,"id":"3102"},{"count":1,"id":"3003"}],"showIfSummonerSpell":"","type":"End items"},{"hideIfSummonerSpell":"","items":[{"count":1,"id":"3020"}],"showIfSummonerSpell":"","type":"Boots"}],"map":"SR","mode":"any","preferredItemSlots":[],"sortrank":9999,"startedFrom":"blank","title":"Porofessor - Anivia (Top)","type":"custom","uid":"885ece00-b7cd-244a-a7a5-11d797d087ac"}