{"associatedChampions":[34],"associatedMaps":[12],"blocks":[{"hideIfSummonerSpell":"","items":[{"count":1,"id":"3802"},{"count":1,"id":"6653"},{"count":1,"id":"3003"},{"count":1,"id":"4637"}],"showIfSummonerSpell":"","type":"Core Items (Popularity: 29.0%)"},{"hideIfSummonerSpell":"","items":[{"count":1,"id":"3802"},{"count":1,"id":"6653"},{"count":1,"id":"3003"},{"count":1,"id":"3157"}],"showIfSummonerSpell":"","type":"Core Items (Popularity: 10.5%)"},{"hideIfSummonerSpell":"","items":[{"count":1,"id":"3089"},{"count":1,"id":"3135"},{"count":1,"id":"3165"},{"count":1,"id":"3157"},{"count":1,"id":"4637"},{"count":1,"id":"4645"},{"count":1,"id":"3116"},{"count":1,"id":"3102"},{"count":1,"id":"3003"}],"showIfSummonerSpell":"","type":"End items"},{"hideIfSummonerSpell":"","items":[{"count":1,"id":"3020"}],"showIfSummonerSpell":"","type":"Boots"}],"map":"HA","mode":"any","preferredItemSlots":[],"sortrank":9999,"startedFrom":"blank","title":"Porofessor - Anivia","type":"custom","uid":"25cd2b67-c4c7-d247-90c1-0f60e4f4622d"}