{"accountId":1954183892601216,"itemSets":[{"associatedChampions":[34],"associatedMaps":[11],"blocks":[{"hideIfSummonerSpell":"","items":[{"count":1,"id":"3340"},{"count":1,"id":"3850"},{"count":2,"id":"2003"}],"showIfSummonerSpell":"","type":"Starting Items (Popularity: 84.7%)"},{"hideIfSummonerSpell":"","items":[{"count":1,"id":"3802"},{"count":1,"id":"6656"},{"count":1,"id":"3157"},{"count":1,"id":"3165"}],"showIfSummonerSpell":"","type":"Core Items (Popularity: 16.8%)"},{"hideIfSummonerSpell":"","items":[{"count":1,"id":"3802"},{"count":1,"id":"6656"},{"count":1,"id":"3003"},{"count":1,"id":"3157"}],"showIfSummonerSpell":"","type":"Core Items (Popularity: 11.2%)"},{"hideIfSummonerSpell":"","items":[{"count":1,"id":"4645"},{"count":1,"id":"3089"},{"count":1,"id":"3165"}],"showIfSummonerSpell":"","type":"End items"},{"hideIfSummonerSpell":"","items":[{"count":1,"id":"3020"}],"showIfSummonerSpell":"","type":"Boots"}],"map":"any","mode":"any","preferredItemSlots":[],"sortrank":110013,"startedFrom":"blank","title":"Porofessor - Anivia (Support)","type":"custom","uid":"2c02c646-993a-cb42-a4ad-efe8c859a9da"},{"associatedChampions":[34],"associatedMaps":[11],"blocks":[{"hideIfSummonerSpell":"","items":[{"count":1,"id":"3340"},{"count":1,"id":"1056"},{"count":2,"id":"2003"}],"showIfSummonerSpell":"","type":"Starting Items (Popularity: 77.9%)"},{"hideIfSummonerSpell":"","items":[{"count":1,"id":"3802"},{"count":1,"id":"6656"},{"count":1,"id":"3003"},{"count":1,"id":"3157"}],"showIfSummonerSpell":"","type":"Core Items (Popularity: 32.0%)"},{"hideIfSummonerSpell":"","items":[{"count":1,"id":"3802"},{"count":1,"id":"6653"},{"count":1,"id":"3003"},{"count":1,"id":"3157"}],"showIfSummonerSpell":"","type":"Core Items (Popularity: 17.1%)"},{"hideIfSummonerSpell":"","items":[{"count":1,"id":"3135"},{"count":1,"id":"3089"},{"count":1,"id":"3165"},{"count":1,"id":"4645"},{"count":1,"id":"4637"},{"count":1,"id":"3157"},{"count":1,"id":"3003"}],"showIfSummonerSpell":"","type":"End items"},{"hideIfSummonerSpell":"","items":[{"count":1,"id":"3020"}],"showIfSummonerSpell":"","type":"Boots"}],"map":"any","mode":"any","preferredItemSlots":[],"sortrank":10082,"startedFrom":"blank","title":"Porofessor - Anivia (Mid)","type":"custom","uid":"2ac1d1dc-485b-1f46-8aca-442ab0a736de"},{"associatedChampions":[34],"associatedMaps":[11],"blocks":[{"hideIfSummonerSpell":"","items":[{"count":1,"id":"3340"},{"count":1,"id":"1056"},{"count":2,"id":"2003"}],"showIfSummonerSpell":"","type":"Starting Items (Popularity: 59.3%)"},{"hideIfSummonerSpell":"","items":[{"count":1,"id":"3802"},{"count":1,"id":"6653"},{"count":1,"id":"3003"},{"count":1,"id":"3157"}],"showIfSummonerSpell":"","type":"Core Items (Popularity: 17.1%)"},{"hideIfSummonerSpell":"","items":[{"count":1,"id":"3802"},{"count":1,"id":"6656"},{"count":1,"id":"3003"},{"count":1,"id":"3157"}],"showIfSummonerSpell":"","type":"Core Items (Popularity: 16.1%)"},{"hideIfSummonerSpell":"","items":[{"count":1,"id":"3165"},{"count":1,"id":"3135"},{"count":1,"id":"3089"},{"count":1,"id":"4637"},{"count":1,"id":"4645"},{"count":1,"id":"3102"},{"count":1,"id":"3003"}],"showIfSummonerSpell":"","type":"End items"},{"hideIfSummonerSpell":"","items":[{"count":1,"id":"3020"}],"showIfSummonerSpell":"","type":"Boots"}],"map":"any","mode":"any","preferredItemSlots":[],"sortrank":10003,"startedFrom":"blank","title":"Porofessor - Anivia (Top)","type":"custom","uid":"885ece00-b7cd-244a-a7a5-11d797d087ac"},{"associatedChampions":[34],"associatedMaps":[11],"blocks":[{"hideIfSummonerSpell":"","items":[{"count":1,"id":"3340"},{"count":1,"id":"1056"},{"count":2,"id":"2003"}],"showIfSummonerSpell":"","type":"Starting Items (Popularity: 81.5%)"},{"hideIfSummonerSpell":"","items":[{"count":1,"id":"3802"},{"count":1,"id":"6656"},{"count":1,"id":"3003"},{"count":1,"id":"3157"}],"showIfSummonerSpell":"","type":"Core Items (Popularity: 21.1%)"},{"hideIfSummonerSpell":"","items":[{"count":1,"id":"3802"},{"count":1,"id":"6656"},{"count":1,"id":"3157"},{"count":1,"id":"3003"}],"showIfSummonerSpell":"","type":"Core Items (Popularity: 16.5%)"},{"hideIfSummonerSpell":"","items":[{"count":1,"id":"3135"},{"count":1,"id":"3089"},{"count":1,"id":"3165"},{"count":1,"id":"4645"},{"count":1,"id":"3003"},{"count":1,"id":"4628"},{"count":1,"id":"4629"}],"showIfSummonerSpell":"","type":"End items"},{"hideIfSummonerSpell":"","items":[{"count":1,"id":"3020"}],"showIfSummonerSpell":"","type":"Boots"}],"map":"any","mode":"any","preferredItemSlots":[],"sortrank":10002,"startedFrom":"blank","title":"Porofessor - Anivia (AD Carry)","type":"custom","uid":"f1efb882-234b-fe47-b805-1aeef179d2c2"},{"associatedChampions":[34],"associatedMaps":[11],"blocks":[{"hideIfSummonerSpell":"","items":[{"count":1,"id":"3340"},{"count":1,"id":"1039"},{"count":1,"id":"2031"}],"showIfSummonerSpell":"","type":"Starting Items (Popularity: 40.0%)"},{"hideIfSummonerSpell":"","items":[{"count":1,"id":"3802"},{"count":1,"id":"6653"},{"count":1,"id":"3157"},{"count":1,"id":"4637"}],"showIfSummonerSpell":"","type":"Core Items (Popularity: 100.0%)"},{"hideIfSummonerSpell":"","items":[],"showIfSummonerSpell":"","type":"End items"},{"hideIfSummonerSpell":"","items":[{"count":1,"id":"3020"},{"count":1,"id":"1001"}],"showIfSummonerSpell":"","type":"Boots"}],"map":"any","mode":"any","preferredItemSlots":[],"sortrank":10000,"startedFrom":"blank","title":"Porofessor - Anivia (Jungler)","type":"custom","uid":"6ae92138-3d64-e445-a96f-4a574768cbdf"},{"associatedChampions":[34],"associatedMaps":[12],"blocks":[{"hideIfSummonerSpell":"","items":[{"count":1,"id":"3802"},{"count":1,"id":"6653"},{"count":1,"id":"3003"},{"count":1,"id":"4637"}],"showIfSummonerSpell":"","type":"Core Items (Popularity: 29.0%)"},{"hideIfSummonerSpell":"","items":[{"count":1,"id":"3802"},{"count":1,"id":"6653"},{"count":1,"id":"3003"},{"count":1,"id":"3157"}],"showIfSummonerSpell":"","type":"Core Items (Popularity: 10.5%)"},{"hideIfSummonerSpell":"","items":[{"count":1,"id":"3089"},{"count":1,"id":"3135"},{"count":1,"id":"3165"},{"count":1,"id":"3157"},{"count":1,"id":"4637"},{"count":1,"id":"4645"},{"count":1,"id":"3116"},{"count":1,"id":"3102"},{"count":1,"id":"3003"}],"showIfSummonerSpell":"","type":"End items"},{"hideIfSummonerSpell":"","items":[{"count":1,"id":"3020"}],"showIfSummonerSpell":"","type":"Boots"}],"map":"any","mode":"any","preferredItemSlots":[],"sortrank":10000,"startedFrom":"blank","title":"Porofessor - Anivia","type":"custom","uid":"25cd2b67-c4c7-d247-90c1-0f60e4f4622d"},{"associatedChampions":[],"associatedMaps":[],"blocks":[],"map":"any","mode":"any","preferredItemSlots":[],"sortrank":0,"startedFrom":"blank","title":"Nuevo conjunto de objetos","type":"custom","uid":"1cb678e0-a80a-11e8-bf83-331f037ec3db"}],"timestamp":1654561789047}