{"associatedChampions":[34],"associatedMaps":[11],"blocks":[{"hideIfSummonerSpell":"","items":[{"count":1,"id":"3340"},{"count":1,"id":"3850"},{"count":2,"id":"2003"}],"showIfSummonerSpell":"","type":"Starting Items (Popularity: 84.7%)"},{"hideIfSummonerSpell":"","items":[{"count":1,"id":"3802"},{"count":1,"id":"6656"},{"count":1,"id":"3157"},{"count":1,"id":"3165"}],"showIfSummonerSpell":"","type":"Core Items (Popularity: 16.8%)"},{"hideIfSummonerSpell":"","items":[{"count":1,"id":"3802"},{"count":1,"id":"6656"},{"count":1,"id":"3003"},{"count":1,"id":"3157"}],"showIfSummonerSpell":"","type":"Core Items (Popularity: 11.2%)"},{"hideIfSummonerSpell":"","items":[{"count":1,"id":"4645"},{"count":1,"id":"3089"},{"count":1,"id":"3165"}],"showIfSummonerSpell":"","type":"End items"},{"hideIfSummonerSpell":"","items":[{"count":1,"id":"3020"}],"showIfSummonerSpell":"","type":"Boots"}],"map":"SR","mode":"any","preferredItemSlots":[],"sortrank":9999,"startedFrom":"blank","title":"Porofessor - Anivia (Support)","type":"custom","uid":"2c02c646-993a-cb42-a4ad-efe8c859a9da"}