<?xml version="1.0" encoding="UTF-8"?>
<project-private xmlns="http://www.netbeans.org/ns/project-private/1">
    <editor-bookmarks xmlns="http://www.netbeans.org/ns/editor-bookmarks/2" lastBookmarkId="0"/>
    <open-files xmlns="http://www.netbeans.org/ns/projectui-open-files/2">
        <group>
            <file>file:/C:/Users/pepon/OneDrive/Documentos/NetBeansProjects/AplicacionConTresTablas/src/pe/com/empresa/DaoImpl/DocenteDaoImpl.java</file>
            <file>file:/C:/Users/pepon/OneDrive/Documentos/NetBeansProjects/AplicacionConTresTablas/src/pe/com/empresa/config/bd/ConectaBD.java</file>
            <file>file:/C:/Users/pepon/OneDrive/Documentos/NetBeansProjects/AplicacionConTresTablas/src/pe/com/empresa/DaoImpl/LibroDaoImpl.java</file>
            <file>file:/C:/Users/pepon/OneDrive/Documentos/NetBeansProjects/AplicacionConTresTablas/src/pe/com/empresa/utils/Utilitarios.java</file>
            <file>file:/C:/Users/pepon/OneDrive/Documentos/NetBeansProjects/AplicacionConTresTablas/src/pe/com/empresa/dao/DocenteDao.java</file>
            <file>file:/C:/Users/pepon/OneDrive/Documentos/NetBeansProjects/AplicacionConTresTablas/src/pe/com/empresa/vista/IndexDocente.java</file>
            <file>file:/C:/Users/pepon/OneDrive/Documentos/NetBeansProjects/AplicacionConTresTablas/src/pe/com/empresa/vista/IndexLibro.java</file>
            <file>file:/C:/Users/pepon/OneDrive/Documentos/NetBeansProjects/AplicacionConTresTablas/src/pe/com/empresa/vista/IndexAlumno.java</file>
            <file>file:/C:/Users/pepon/OneDrive/Documentos/NetBeansProjects/AplicacionConTresTablas/src/pe/com/empresa/config/bd/CrearTablas.java</file>
            <file>file:/C:/Users/pepon/OneDrive/Documentos/NetBeansProjects/AplicacionConTresTablas/src/pe/com/empresa/dao/AlumnoDao.java</file>
            <file>file:/C:/Users/pepon/OneDrive/Documentos/NetBeansProjects/AplicacionConTresTablas/src/pe/com/empresa/DaoImpl/AlumnoDaoImpl.java</file>
            <file>file:/C:/Users/pepon/OneDrive/Documentos/NetBeansProjects/AplicacionConTresTablas/src/pe/com/empresa/vista/Index.java</file>
        </group>
    </open-files>
</project-private>
